<?xml version="1.0" encoding="utf-8"?>
<extension type="component" version="4.0">
    <name>RPG Characters</name>
    <version>1.0</version>
    <creationDate>2023-03-29</creationDate>
    <author>DeesreX</author>
    <authorEmail>deesrex@gmail.com</authorEmail>
    <description>A character Manager</description>
    <license>Cant use my code</license>

    <files folder="site">
        <folder>src</folder>
        <folder>tmpl</folder>
    </files>

    <files folder="admin">
        <filename>j4rpg.xml</filename>
        <folder>services</folder>
        <folder>src</folder>
        <folder>tmpl</folder>
    </files>
</extension>
