<?xml version="1.0" encoding="utf-8"?>
<updates>
    <update>
        <name>RPG Characters</name>
        <description>Updates for the RPG Characters component</description>
        <element>com_j4rpg</element>
        <type>component</type>
        <version>1.1</version>
        <infourl>https://www.example.com/rpgcharacters/update-info</infourl>
        <downloads>
            <downloadurl type="full" format="zip">https://www.example.com/rpgcharacters/releases/rpgcharacters-1.1.zip</downloadurl>
        </downloads>
        <maintainer>DeesreX</maintainer>
        <maintainerurl>https://www.example.com</maintainerurl>
        <targetplatform name="joomla" version="4.*" />
        <client>0</client>
        <lastupdate>2023-04-01</lastupdate>
        <tags>
            <tag>stable</tag>
        </tags>
        <php_minimum>7.3.0</php_minimum>
        <changelogurl>https://www.example.com/rpgcharacters/changelog</changelogurl>
    </update>
</updates>
